"adm1","whrc_aboveground_biomass_loss__Mg","umd_tree_cover_loss__ha","whrc_aboveground_co2_emissions__Mg","iso","umd_tree_cover_loss__year"
1,24928830.264455136,176807.15511181095,45702855.484834395,"USA",2001
2,5259694.255371986,91296.2462565205,9642772.801515313,"USA",2001
3,210097.25989117875,1411.1861607073774,385178.30980049423,"USA",2001
4,17148870.078743406,115545.46317297351,31439595.14436291,"USA",2001
5,20603281.625043347,52197.769851058154,37772682.979246125,"USA",2001
6,2326964.7555671753,13957.591496281346,4266102.051873153,"USA",2001
7,105690.28539784077,818.4672076957189,193765.52322937475,"USA",2001
8,170962.8094350572,1204.6021815592658,313431.81729760475,"USA",2001
9,77.75337717377379,1.0833366010156404,142.54785815191858,"USA",2001
10,12203448.19556996,105685.96606316825,22372988.358544923,"USA",2001
11,23160846.262019265,164231.66466724087,42461551.48036866,"USA",2001
12,102161.42865610032,626.5391664797268,187295.9525361839,"USA",2001
13,15804303.50269381,82913.66607069323,28974556.421605326,"USA",2001
14,120735.68384574036,959.6953194673016,221348.7537171906,"USA",2001
15,59740.59255891793,533.5385303357941,109524.41969134953,"USA",2001
16,21313.5893379043,209.73551885026495,39074.91378615788,"USA",2001
17,58308.256272865285,774.4701415222718,106898.46983358638,"USA",2001
18,1801574.3070664487,12594.677932431006,3302886.2296218234,"USA",2001
19,16007589.516794717,102374.8665910105,29347247.44745698,"USA",2001
20,5234679.672383738,44453.884429245685,9596912.732703514,"USA",2001
21,617100.4632936917,4364.719765873067,1131350.8493717683,"USA",2001
22,291663.2795386766,2112.0249351714647,534716.0124875738,"USA",2001
23,1944063.463678216,21328.687706468147,3564116.3500767294,"USA",2001
24,2400135.7413980304,30038.760801665005,4400248.859229723,"USA",2001
25,18888498.748158462,132546.37177990412,34628914.37162383,"USA",2001
26,1824227.0635684514,15980.810789326239,3344416.2832088275,"USA",2001
27,20406101.73855554,116797.1629239567,37411186.52068516,"USA",2001
28,21535.168490482087,220.18727562236973,39481.14223255049,"USA",2001
29,303012.88939037273,1112.7280798665327,555523.630549016,"USA",2001
30,989098.586711765,6904.0349631534555,1813347.4089715697,"USA",2001
31,219731.9692073987,2023.6731342331698,402841.9435468977,"USA",2001
32,624270.2279411253,3865.7848574554523,1144495.417892063,"USA",2001
33,786708.9284604749,6224.566529512702,1442299.7021775371,"USA",2001
34,12156939.162751105,92994.8104286351,22287721.798377026,"USA",2001
35,22684.949454837,321.9354899398063,41589.07400053449,"USA",2001
36,775129.3439917373,5680.238517539039,1421070.4639848515,"USA",2001
37,2825902.814469036,25273.268726781134,5180821.826526566,"USA",2001
38,25933984.188715633,66707.26147851771,47545637.67931199,"USA",2001
39,1044559.6629996167,7965.047992319687,1915026.0488326307,"USA",2001
40,36198.235360355044,272.12741857065663,66363.43149398424,"USA",2001
41,11941519.803043105,83795.77683349315,21892786.30557902,"USA",2001
42,1323407.6427268658,10293.864181632718,2426247.3449992547,"USA",2001
43,6052130.008481378,42768.97965326942,11095571.682215858,"USA",2001
44,14064174.28513591,111298.276662527,25784319.522749167,"USA",2001
45,752733.2520480577,4958.883447658094,1380010.962088106,"USA",2001
46,387777.58646243525,2795.6620038635124,710925.5751811313,"USA",2001
47,7483610.766194645,55317.67493164245,13719953.071356855,"USA",2001
48,20156729.351582132,75875.49724262946,36954003.811233886,"USA",2001
49,1219318.980960326,8308.045924654361,2235418.131760598,"USA",2001
50,1587379.1082902446,17631.301987096154,2910195.0318654478,"USA",2001
51,3041203.8627948365,18942.30834334027,5575540.415123871,"USA",2001
1,21193966.67078607,149384.69957009138,38855605.56310779,"USA",2002
2,11049249.221707143,208340.02919431333,20256956.90646309,"USA",2002
3,7733367.315470094,55058.89584709224,14177840.078361828,"USA",2002
4,13837421.578391504,91845.87626242265,25368606.227051087,"USA",2002
5,24282457.66101349,68574.19618352185,44517839.045191415,"USA",2002
6,7273756.786597951,44736.1422097867,13335220.77542959,"USA",2002
7,135633.78962924847,1029.6702438295508,248661.9476536222,"USA",2002
8,97911.67020722896,678.1668126885742,179504.7287132531,"USA",2002
9,217.64696245730298,1.6264671775413198,399.0194311717222,"USA",2002
10,10533211.901742145,91602.64204481209,19310888.48652727,"USA",2002
11,22728568.962550502,160671.98814597414,41669043.09800926,"USA",2002
12,118923.58526222705,699.9713432582226,218026.57298074954,"USA",2002
13,5924135.649343276,32386.553725931804,10860915.357129345,"USA",2002
14,87193.7001713291,710.9868838198405,159855.11698077,"USA",2002
15,54391.796723919455,485.79544791589467,99718.29399385233,"USA",2002
16,16068.75281581745,161.24508567750277,29459.38016233199,"USA",2002
17,39108.39659398723,501.9735123538401,71698.72708897658,"USA",2002
18,1212844.9872942197,8477.510150512455,2223549.1433727364,"USA",2002
19,15065255.590631811,96507.83294194052,27619635.24949166,"USA",2002
20,5267555.518873788,46017.24812680216,9657185.117935278,"USA",2002
21,569863.0727617429,4005.0381817468283,1044748.9667298618,"USA",2002
22,290107.8278096107,2026.3947281003357,531864.3509842864,"USA",2002
23,1802878.2230543743,19186.12538349776,3305276.7422663528,"USA",2002
24,1913269.7610986168,24028.687318749133,3507661.2286807974,"USA",2002
25,15331671.404567624,106820.04953221699,28108064.2417073,"USA",2002
26,1528027.673140678,13347.042763944442,2801384.067424577,"USA",2002
27,9973548.089431828,58159.72398153985,18284838.163958356,"USA",2002
28,17876.988235183195,201.92893296346728,32774.478431169184,"USA",2002
29,189168.72969806273,1488.0112910884968,346809.3377797813,"USA",2002
30,923003.8193769448,6383.319130597703,1692173.6688577319,"USA",2002
31,186937.64991352343,1676.288222923397,342719.0248414597,"USA",2002
32,2174746.6068595173,13734.61423214167,3987035.445909108,"USA",2002
33,640793.3812277571,4927.804729658909,1174787.8655842207,"USA",2002
34,11776774.489049368,89341.8116237832,21590753.22992384,"USA",2002
35,52365.44909937224,746.9106094938155,96003.3233488491,"USA",2002
36,744570.1458446037,5418.282212166881,1365045.2673817733,"USA",2002
37,2833029.1138387853,24086.697842822425,5193886.708704439,"USA",2002
38,79063107.52615641,196635.32864717612,144949030.46462,"USA",2002
39,1331356.4320182241,10126.87010890622,2440820.1253667446,"USA",2002
40,28821.629207731137,225.4253881695782,52839.6535475071,"USA",2002
41,13508959.131117638,94888.07924511938,24766425.073715672,"USA",2002
42,254658.07573155136,1992.413716400102,466873.1388411774,"USA",2002
43,4574319.233083047,32648.954313958904,8386251.927318919,"USA",2002
44,10765082.449948447,85265.75477068475,19735984.491572153,"USA",2002
45,3024335.795890648,21564.466612518387,5544615.625799518,"USA",2002
46,294398.4455605488,2064.290677701525,539730.4835276727,"USA",2002
47,7453638.2509268,54347.23969924267,13665003.46003246,"USA",2002
48,18414125.487281017,67859.87465389175,33759230.060015194,"USA",2002
49,1287691.1952365437,8841.13692421747,2360767.1912669963,"USA",2002
50,1272671.2087522624,14125.961733118964,2333230.5493791476,"USA",2002
51,2258488.365580734,14398.113627341387,4140562.003564676,"USA",2002
1,19424720.08490699,137322.65800744563,35611986.82232948,"USA",2003
2,10604299.730604628,193695.58825935097,19441216.172775146,"USA",2003
3,1702010.4236604427,11021.757683188644,3120352.44337748,"USA",2003
4,11714294.032767085,78532.1107463011,21476205.726739652,"USA",2003
5,18037394.87780743,61290.104859932115,33068557.275980294,"USA",2003
6,2128164.2358147344,12435.417098844588,3901634.4323270116,"USA",2003
7,88448.91526907416,673.4818002827989,162156.34465996933,"USA",2003
8,61501.38528066379,444.972854429087,112752.53968121692,"USA",2003
9,62.83868889289091,0.6018344796527607,115.2042629703,"USA",2003
10,10908913.316563567,93854.96421605835,19999674.413699873,"USA",2003
11,19730028.09852783,140568.56755661656,36171718.18063435,"USA",2003
12,142139.98330509145,866.9378670166528,260589.96939266764,"USA",2003
13,6970808.786542533,38115.7095692542,12779816.108661313,"USA",2003
14,80305.67766428337,634.0346307965561,147227.07571785277,"USA",2003
15,56229.61428257753,499.0328087272969,103087.62618472546,"USA",2003
16,11423.577307309133,119.55551823910886,20943.225063400077,"USA",2003
17,23657.861119201625,295.41032436281637,43372.74538520297,"USA",2003
18,1300459.1445736222,8951.060042165527,2384175.0983849736,"USA",2003
19,13756374.920447428,88509.57446516397,25220020.68748695,"USA",2003
20,3478732.774099226,29402.047390646647,6377676.752515249,"USA",2003
21,330890.1174707143,2291.6322717283783,606631.882029643,"USA",2003
22,260734.7268245856,1845.477868159488,478013.6658450734,"USA",2003
23,1256849.151651896,13102.714322387368,2304223.444695142,"USA",2003
24,1378139.9199728519,17278.31246976796,2526589.8532835627,"USA",2003
25,14650494.84772884,102523.47794779883,26859240.55416954,"USA",2003
26,1250482.4131938233,11280.63529804445,2292551.0908553423,"USA",2003
27,11048309.541691532,69284.0758494732,20255234.159767803,"USA",2003
28,22385.57668056213,244.88942738050866,41040.22391436391,"USA",2003
29,50028.90779749377,353.09475586346,91719.66429540525,"USA",2003
30,501325.49234219,3414.886942848386,919096.7359606813,"USA",2003
31,64847.95909841392,589.9383640070813,118887.92501375882,"USA",2003
32,1323401.0342943529,7885.54536733896,2426235.229539646,"USA",2003
33,449371.8811783824,3469.8343944536887,823848.4488270346,"USA",2003
34,8873242.72842859,67450.94219331566,16267611.668785749,"USA",2003
35,14773.165122938803,225.59618112232,27084.13605872114,"USA",2003
36,690627.0369508262,4923.738321346844,1266149.5677431813,"USA",2003
37,1745090.2963106018,15024.620149188664,3199332.2099027685,"USA",2003
38,43852751.843197286,95476.7732095753,80396711.71252835,"USA",2003
39,705352.6103233304,5297.198945728605,1293146.452259438,"USA",2003
40,27680.217356355344,212.07870385728003,50747.06515331814,"USA",2003
41,9225115.856136957,65404.02857299538,16912712.40291775,"USA",2003
42,560393.7604468022,4055.5958108245727,1027388.560819137,"USA",2003
43,3663599.341545666,26399.27983788022,6716598.792833717,"USA",2003
44,10016197.277548935,77654.91079296617,18363028.342173044,"USA",2003
45,639667.8023571849,4936.645388090373,1172724.3043215058,"USA",2003
46,124743.21713134454,900.0007690659675,228695.89807413163,"USA",2003
47,5614062.303407975,40881.66606292313,10292447.556247951,"USA",2003
48,20190289.832128905,82576.29262928055,37015531.35890299,"USA",2003
49,503992.4774437153,3389.207174437869,923986.2086468113,"USA",2003
50,737568.6638888028,8081.31861236172,1352209.2171294722,"USA",2003
51,2439140.5093160067,15695.913335211932,4471757.60041268,"USA",2003
1,24227879.747046188,171400.8590711371,44417779.536251344,"USA",2004
2,36708255.88754942,651658.5125458722,67298469.12717395,"USA",2004
3,2145389.365705987,14504.323186029138,3933213.8371276427,"USA",2004
4,17460355.368305493,116520.28955779308,32010651.508560076,"USA",2004
5,23153505.449463807,66689.44619845109,42448093.32401697,"USA",2004
6,2651121.577034894,16301.477499624525,4860389.557897309,"USA",2004
7,148286.61909181118,1117.5608145089323,271858.80166832043,"USA",2004
8,166691.01956358977,1194.6293076662066,305600.20253324776,"USA",2004
9,221.7719681940472,1.7457470981619556,406.5819416890864,"USA",2004
10,12949237.064368404,115736.7919248002,23740267.951342072,"USA",2004
11,24493965.18611467,174783.46758271323,44905602.84121023,"USA",2004
12,126251.02330509468,727.5909312925844,231460.20939267357,"USA",2004
13,10514655.251017656,56255.26567825135,19276867.960199036,"USA",2004
14,69169.70073872546,590.7230176994033,126811.11802099666,"USA",2004
15,127139.42404611029,1060.9961287482513,233088.9440845355,"USA",2004
16,27463.905378352345,280.9566862860022,50350.49319364595,"USA",2004
17,49997.77155627867,638.3922937639728,91662.58118651088,"USA",2004
18,1963685.1983547413,13810.251232290966,3600089.530317026,"USA",2004
19,17865613.451257974,115126.55116756668,32753624.66063961,"USA",2004
20,5859679.080056811,49532.04582560818,10742744.980104154,"USA",2004
21,463201.31562237296,3378.467775110503,849202.4119743505,"USA",2004
22,342284.10669763695,2409.0481638155943,627520.8622790009,"USA",2004
23,2598988.6244113697,28430.66149060243,4764812.478087511,"USA",2004
24,2502317.8165863743,31908.343627853796,4587582.663741685,"USA",2004
25,18468653.18432032,128547.70336895346,33859197.50458726,"USA",2004
26,1832496.3221300133,16406.00841604324,3359576.5905716913,"USA",2004
27,33325623.22946043,191415.3544999506,61096975.9206775,"USA",2004
28,79352.51167366447,802.1691414557183,145479.60473505151,"USA",2004
29,339323.03527610877,1744.6548300217357,622092.2313395326,"USA",2004
30,934806.2791435485,6431.354021689236,1713811.511763172,"USA",2004
31,250118.41956261877,2156.825879825565,458550.43586480105,"USA",2004
32,2673668.097375851,17836.554406299845,4901724.84518906,"USA",2004
33,1018175.6302173876,7877.335430746519,1866655.322065211,"USA",2004
34,12506848.162816111,95734.54339901009,22929221.631829534,"USA",2004
35,50833.708784679955,754.1785682335584,93195.13277191325,"USA",2004
36,780369.1181279239,5745.226455203987,1430676.716567861,"USA",2004
37,2640989.0891324976,23409.54819902462,4841813.330076246,"USA",2004
38,46351273.7450442,127923.52200355039,84977335.19924772,"USA",2004
39,1548799.1979877003,11800.665364897828,2839465.196310783,"USA",2004
40,31605.582445258413,244.78302250076027,57943.567816307084,"USA",2004
41,13789791.919307949,97153.14802141346,25281285.18539791,"USA",2004
42,558915.8277516698,4111.814979725943,1024679.0175447266,"USA",2004
43,5524691.694582809,40029.61831707584,10128601.440068481,"USA",2004
44,15478885.836357022,118407.65879634472,28377957.366654534,"USA",2004
45,1343905.4049138715,8981.589463455442,2463826.575675431,"USA",2004
46,301004.26928970625,2165.223673303978,551841.1603644616,"USA",2004
47,7628616.670076433,56143.89021655607,13985797.22847346,"USA",2004
48,27074365.279505335,100965.14089196602,49636336.34575978,"USA",2004
49,1078815.5773614256,7562.8429974874125,1977828.558495947,"USA",2004
50,1732199.0423699818,19933.67425296946,3175698.2443449674,"USA",2004
51,3054447.5242340383,17913.862106359113,5599820.461095737,"USA",2004
1,23896063.67933733,170438.7906598524,43809450.0787851,"USA",2005
2,45007709.433427736,786915.9266296966,82514133.96128416,"USA",2005
3,515767.68500899867,4094.5782946704326,945574.0891831643,"USA",2005
4,15517004.933971519,104885.81775162056,28447842.378947783,"USA",2005
5,19073022.264233656,47175.004650580624,34967207.484428346,"USA",2005
6,3706956.9553512298,22599.610665939115,6796087.751477255,"USA",2005
7,165922.33860459173,1240.7357059102242,304190.9541084182,"USA",2005
8,131437.22924108405,928.7484524029742,240968.25360865408,"USA",2005
9,144.7358772385453,1.7459256144619544,265.3491082706664,"USA",2005
10,11883956.939692654,107954.38576841797,21787254.389436528,"USA",2005
11,23772471.5898471,172087.36643875513,43582864.58138635,"USA",2005
12,103206.41059078726,616.5558571000425,189211.7527497767,"USA",2005
13,7251679.793086602,41496.25364012189,13294746.287325438,"USA",2005
14,93215.6768595081,762.8335682918286,170895.40757576487,"USA",2005
15,111164.26755973816,952.0837990982866,203801.15719285328,"USA",2005
16,20216.94283766661,212.24546181735394,37064.39520238879,"USA",2005
17,41040.201706336054,535.8690881097383,75240.36979494942,"USA",2005
18,2230032.0780423423,15521.278221148388,4088392.143077628,"USA",2005
19,19166210.540211592,125943.4785391517,35138052.65705459,"USA",2005
20,6018931.436784337,51147.34871693349,11034707.634104619,"USA",2005
21,584285.5756097609,4222.920234028767,1071190.2219512283,"USA",2005
22,335404.3114332999,2333.2210870244417,614907.9042943831,"USA",2005
23,2342719.1185837104,25424.09203817028,4294985.050736803,"USA",2005
24,2391286.8710100604,30588.449232264797,4384025.930185111,"USA",2005
25,23363812.15637538,164433.27743524927,42833655.62002152,"USA",2005
26,1713175.2088033922,15200.922188820938,3140821.216139553,"USA",2005
27,9197337.519361857,58352.58658262606,16861785.452163406,"USA",2005
28,99902.61793340616,980.1316396884985,183154.79954457807,"USA",2005
29,309338.4974568881,2212.6359584324696,567120.5786709614,"USA",2005
30,1146633.0120440058,7904.011380395179,2102160.5220806776,"USA",2005
31,163393.06932001078,1408.3874212092214,299553.9604200198,"USA",2005
32,957399.1477009179,6337.571211152136,1755231.7707850162,"USA",2005
33,1064855.9735585735,8568.816440971626,1952235.9515240514,"USA",2005
34,13707950.856222797,104939.015056204,25131243.236408442,"USA",2005
35,45498.642997878094,654.1843717039498,83414.17882944318,"USA",2005
36,986302.5692235327,7321.882309445197,1808221.3769098094,"USA",2005
37,3036646.8644708013,25761.077291837286,5567185.918196469,"USA",2005
38,31384948.473245107,75891.24684732438,57539072.200949356,"USA",2005
39,1552310.248181606,12076.362423693405,2845902.1216662778,"USA",2005
40,36377.86833537963,280.83933982709965,66692.75861486266,"USA",2005
41,13336241.767600913,94498.30011098692,24449776.573935006,"USA",2005
42,909666.6716541562,6493.943491023452,1667722.2313659517,"USA",2005
43,5562337.790684791,40230.804405934054,10197619.282922119,"USA",2005
44,15251464.734608293,119794.49711682997,27961018.68011521,"USA",2005
45,2481791.911130515,16252.385521370652,4549951.837072613,"USA",2005
46,332054.3480928456,2381.8014704502307,608766.3048368836,"USA",2005
47,8560040.879895719,63116.454683452095,15693408.279808816,"USA",2005
48,23233220.62317525,78524.39138860216,42594237.809154615,"USA",2005
49,1849056.5941940416,12595.259702610427,3389937.089355742,"USA",2005
50,1644086.2619993712,18814.698194853718,3014158.146998847,"USA",2005
51,4737920.5655653225,28439.386544883295,8686187.703536425,"USA",2005
1,23420014.89000922,167369.97434274142,42936693.965016894,"USA",2006
2,35571941.72731795,620532.2489216346,65215226.50008298,"USA",2006
3,1473673.981605354,10384.072839166318,2701735.632943152,"USA",2006
4,18453045.841338404,124434.22602864885,33830584.042453736,"USA",2006
5,28026089.626094647,86059.82270913916,51381164.31450686,"USA",2006
6,1493685.5801333238,9475.837670310062,2738423.5635777586,"USA",2006
7,180742.33404426207,1356.6986361426568,331360.9457478138,"USA",2006
8,119121.38769695048,846.9021315530805,218389.2107777425,"USA",2006
9,675.92807998834,7.220712400911559,1239.201479978623,"USA",2006
10,13133199.855771752,118229.25346526716,24077533.068914883,"USA",2006
11,25516067.488990024,185349.00522634285,46779457.063148364,"USA",2006
12,85031.08815011769,501.8379423649391,155890.32827521575,"USA",2006
13,11900372.808374908,64520.72916515289,21817350.148687333,"USA",2006
14,78721.54170440507,688.1277497617076,144322.82645807602,"USA",2006
15,126799.51100816394,1100.3319138615143,232465.77018163388,"USA",2006
16,26383.17921246178,272.40638837504923,48369.161889513256,"USA",2006
17,36892.98296955317,478.5735602069326,67637.1354441808,"USA",2006
18,2033723.439325951,14386.198341091756,3728492.9720975785,"USA",2006
19,18300228.014094647,120532.33080893729,33550418.025840193,"USA",2006
20,5473341.902203579,46708.36743206587,10034460.154039895,"USA",2006
21,614629.0525018616,4583.179207219459,1126819.929586746,"USA",2006
22,400706.7477373759,2808.1327743885277,734629.0375185225,"USA",2006
23,2390180.555016454,26208.47985706785,4381997.6841968335,"USA",2006
24,2712709.3049306064,36660.005130642094,4973300.39237278,"USA",2006
25,17789052.52799438,126354.74569655223,32613262.96798969,"USA",2006
26,2100683.853593459,18786.214763989617,3851253.731588007,"USA",2006
27,8754227.831025817,54386.76898225979,16049417.690214004,"USA",2006
28,48267.24378473095,485.81080119786566,88489.94693867343,"USA",2006
29,117641.37856865276,862.8193525329766,215675.86070919692,"USA",2006
30,1095471.212334541,7693.408483732492,2008363.8892799914,"USA",2006
31,180497.9538920571,1596.820027826551,330912.9154687713,"USA",2006
32,2819622.17721963,17388.349384723417,5169307.3249026695,"USA",2006
33,844204.7912779809,6542.999942248792,1547708.7840096317,"USA",2006
34,12824323.811663114,99023.80788512612,23511260.32138237,"USA",2006
35,39606.607917967995,612.3366607414912,72612.11451627465,"USA",2006
36,915965.8044059004,6772.956458356151,1679270.6414108174,"USA",2006
37,3067594.5761393053,26742.39246037288,5623923.389588726,"USA",2006
38,36106392.33708726,90711.81424349692,66195052.6179933,"USA",2006
39,1892231.0579041713,14532.043967324587,3469090.2728243144,"USA",2006
40,45797.330336672196,355.17435398869867,83961.77228389902,"USA",2006
41,13479089.957373254,95853.88953584777,24711664.921850972,"USA",2006
42,644490.1816130897,4729.607332697451,1181565.3329573313,"USA",2006
43,5649380.2614352405,41109.34493738864,10357197.145964608,"USA",2006
44,13547045.047283461,108365.44757227194,24836249.253353015,"USA",2006
45,536134.4775879978,4009.954379617303,982913.2089113295,"USA",2006
46,441247.11915181583,3099.638381921713,808953.051778329,"USA",2006
47,9061235.637390392,67195.90722752332,16612265.335215718,"USA",2006
48,31952757.398703314,131275.42895394412,58580055.23095608,"USA",2006
49,1500508.9350378532,10373.104419672794,2750933.047569397,"USA",2006
50,1501982.3127295994,16998.558795293255,2753634.2400042643,"USA",2006
51,995491.0715312712,6502.2464385393705,1825066.9644739968,"USA",2006
1,24327500.534144394,175174.42440925929,44600417.64593139,"USA",2007
2,9367930.890645334,158558.34910354292,17174539.9661831,"USA",2007
3,460097.99142016465,3074.9376184973266,843512.9842703004,"USA",2007
4,16947584.58003532,117985.61671907443,31070571.730064753,"USA",2007
5,43996469.77670357,136811.834382314,80660194.59062319,"USA",2007
6,10874277.074862633,62213.26525665792,19936174.637248117,"USA",2007
7,131638.89508524063,1004.236372216581,241337.97432294115,"USA",2007
8,136466.03404664938,960.505559923721,250187.72908552378,"USA",2007
9,174.99654200443916,1.2637247488107948,320.82699367480507,"USA",2007
10,12228165.315231442,111744.19643551524,22418303.07792431,"USA",2007
11,26781123.88936523,200104.01618914813,49098727.13050292,"USA",2007
12,142045.4603030912,822.7966910860486,260416.67722233394,"USA",2007
13,27762152.784835827,151656.0447787211,50897280.10553233,"USA",2007
14,92533.34328752884,763.3702538724935,169644.4626938029,"USA",2007
15,151383.47042542644,1298.942924908412,277536.36244661506,"USA",2007
16,28882.729609771683,305.3900778824636,52951.67095124808,"USA",2007
17,57848.918772972225,732.4482053174544,106056.3510837824,"USA",2007
18,2606062.131151608,18291.992605702224,4777780.573777949,"USA",2007
19,17829519.036617864,116815.97561232111,32687451.567132756,"USA",2007
20,5390877.403914084,45592.4593347104,9883275.240509152,"USA",2007
21,501955.5744217707,3682.646447715362,920251.8864399128,"USA",2007
22,323241.6127153087,2258.4714428710868,592609.6233113992,"USA",2007
23,2515006.3714637235,27169.123350992362,4610845.014350159,"USA",2007
24,3189390.368540541,41362.479143871766,5847215.675657658,"USA",2007
25,18575835.245098382,132604.39272795146,34055697.949347034,"USA",2007
26,3358317.0061901673,29606.822413130318,6156914.511348642,"USA",2007
27,21838757.819132674,130370.98348690687,40037722.668409884,"USA",2007
28,55565.94799893555,599.6398959304896,101870.90466471521,"USA",2007
29,180747.7732875518,1032.6726188963833,331370.91769384476,"USA",2007
30,1116715.9004448943,7690.469950568466,2047312.484148973,"USA",2007
31,396339.43298829254,4290.366384658827,726622.2938118705,"USA",2007
32,543160.1138801186,3253.3875993728616,995793.5421135502,"USA",2007
33,919710.5860934113,7247.4363180126475,1686136.0745045876,"USA",2007
34,13562169.58011039,105550.62895429214,24863977.563535713,"USA",2007
35,38025.40347907647,555.7625495859158,69713.2397116402,"USA",2007
36,1089057.3734308707,7980.81343743549,1996605.1846232628,"USA",2007
37,2945961.702624395,26524.16614270624,5400929.788144724,"USA",2007
38,30315377.455041274,80102.53407229195,55578192.00090901,"USA",2007
39,2328618.1451265626,17710.69238485593,4269133.266065366,"USA",2007
40,34423.54389548481,265.16196314462553,63109.83047505547,"USA",2007
41,12944573.714501062,92279.05048899366,23731718.47658528,"USA",2007
42,678937.3911849847,4849.229284735378,1244718.5505058055,"USA",2007
43,5920320.306221198,43425.90733193162,10853920.561405534,"USA",2007
44,15467112.184236165,124107.43143137792,28356372.337766297,"USA",2007
45,1338321.8088308633,10503.913350205563,2453589.9828565815,"USA",2007
46,288334.8331057833,2038.6355915548843,528613.860693936,"USA",2007
47,9104891.816349683,67758.62169702658,16692301.663307749,"USA",2007
48,22966347.90925539,88629.95761409255,42104971.166968204,"USA",2007
49,2192618.01656685,15371.159765071543,4019799.697039224,"USA",2007
50,2108501.184317953,22668.266876332345,3865585.504582914,"USA",2007
51,4895222.253681118,29725.088708888186,8974574.13174872,"USA",2007
1,25888321.33290132,186835.51222627604,47461922.44365243,"USA",2008
2,2184464.1991877784,37921.1589006897,4004851.0318442658,"USA",2008
3,725049.3057754517,4707.840188009378,1329257.0605883282,"USA",2008
4,13349108.988648705,92088.98370256378,24473366.47918929,"USA",2008
5,86701689.67094609,214408.0451846476,158953097.73006788,"USA",2008
6,4004412.630579479,23969.330384618224,7341423.156062384,"USA",2008
7,124473.91316084992,949.2698031500112,228202.17412822484,"USA",2008
8,78041.11383611982,539.4735356252576,143075.37536621967,"USA",2008
9,396.0237018199671,3.4903157018509714,726.0434533366064,"USA",2008
10,11321738.043414585,101176.27161922776,20756519.746260073,"USA",2008
11,23322183.096473496,171906.11239943118,42757335.67686809,"USA",2008
12,126919.52006710289,661.3780583678449,232685.78678968863,"USA",2008
13,23464658.656159777,119977.75560127432,43018540.86962626,"USA",2008
14,88001.66678869369,738.5677230502026,161336.38911260513,"USA",2008
15,150500.5563107339,1278.7192845271638,275917.6865696788,"USA",2008
16,26058.294397813064,270.65965878544796,47773.53972932396,"USA",2008
17,56084.678745112236,735.8898898642997,102821.91103270577,"USA",2008
18,2532812.102383989,17695.36973953822,4643488.854370646,"USA",2008
19,15900426.93376583,106081.86440232203,29150782.711904023,"USA",2008
20,6406870.118903079,56464.868790714856,11745928.551322311,"USA",2008
21,370304.92972535297,2722.8050593201842,678892.3711631473,"USA",2008
22,351034.1011388319,2469.5524201349695,643562.518754525,"USA",2008
23,2899174.537254487,31282.011209732824,5315153.3182998905,"USA",2008
24,3041034.3165887212,37863.46077335228,5575229.580412655,"USA",2008
25,19505399.93217117,140397.65420670246,35759899.87564714,"USA",2008
26,2179167.177173759,19119.57208372637,3995139.8248185567,"USA",2008
27,19421808.953517083,108643.65233795761,35606649.74811463,"USA",2008
28,23794.65777272582,254.6379555278436,43623.53924999733,"USA",2008
29,346934.10479407135,2110.168593395155,636045.8587891324,"USA",2008
30,1369575.4636467993,9721.032584181927,2510888.350019133,"USA",2008
31,129443.26900084605,1138.2603402791428,237312.65983488443,"USA",2008
32,956024.8338587201,6905.69370553294,1752712.1954076623,"USA",2008
33,841508.7294156982,6536.955724146759,1542766.0039287803,"USA",2008
34,12994589.384327617,102818.0581863886,23823413.871267296,"USA",2008
35,52672.74448718516,774.9380376481771,96566.69822650611,"USA",2008
36,1168241.6788140673,8570.181769213148,2141776.4111591233,"USA",2008
37,2910908.4509950653,26082.759852067822,5336665.493490952,"USA",2008
38,34106817.74401419,85994.13992127552,62529165.86402601,"USA",2008
39,1722262.5549437534,13226.907725791136,3157481.350730216,"USA",2008
40,52034.76514129253,394.85113010169584,95397.06942570295,"USA",2008
41,12631237.09078608,91049.25766218932,23157267.99977448,"USA",2008
42,730171.893337732,5233.94018079572,1338648.471119175,"USA",2008
43,5323304.917228372,39045.67806741336,9759392.348252017,"USA",2008
44,13302385.253021145,107469.20758447803,24387706.297205415,"USA",2008
45,756828.6695785717,5076.38350454824,1387519.2275607153,"USA",2008
46,350213.3181323629,2468.651785296919,642057.7499093319,"USA",2008
47,9036461.149143485,66894.02843013675,16566845.44009639,"USA",2008
48,22969267.726029582,87737.93117154464,42110324.16438756,"USA",2008
49,1837450.736448398,12800.300441984204,3368659.68348873,"USA",2008
50,1841539.3826618257,20329.558146158786,3376155.534880015,"USA",2008
51,5037128.364032553,30180.746748313028,9234735.334059685,"USA",2008
1,16379609.054695971,119821.47009494231,30029283.266942613,"USA",2009
2,7669358.596195869,140696.85199595772,14060490.759692445,"USA",2009
3,356164.34553610417,2506.6525296715345,652967.9668161912,"USA",2009
4,13149249.384495957,90059.99243810115,24106957.20490926,"USA",2009
5,41482913.57716192,114222.08051891261,76052008.22479686,"USA",2009
6,1108043.5534858257,7191.781256989828,2031413.1813906801,"USA",2009
7,80545.84492713134,604.2059502457253,147667.38236640746,"USA",2009
8,78288.6185372907,552.9627078129824,143529.13398503297,"USA",2009
9,259.214343864305,1.7449108922698748,475.22629708455923,"USA",2009
10,9458664.00714517,84790.95766619784,17340884.01309948,"USA",2009
11,17580842.842407726,130373.18896968488,32231545.21108083,"USA",2009
12,87832.72114062464,467.55051957039586,161026.65542447852,"USA",2009
13,4735656.868483209,25548.163077787412,8682037.592219217,"USA",2009
14,158786.97040981616,1260.7614860200224,291109.4457513296,"USA",2009
15,141586.34506032534,1184.7902098712063,259574.9659439298,"USA",2009
16,23946.56380885131,243.18026771787655,43902.03364956075,"USA",2009
17,35125.79965953456,459.7617163579171,64397.29937581336,"USA",2009
18,1780766.6386128245,12423.836375066649,3264738.837456842,"USA",2009
19,13696534.450961122,92605.9894209257,25110313.160095382,"USA",2009
20,4880262.473622094,42331.42320213893,8947147.868307177,"USA",2009
21,342171.5923532652,2446.7706552499785,627314.5859809861,"USA",2009
22,228737.12639649527,1531.6722969024465,419351.39839357464,"USA",2009
23,2721416.4914577757,29398.940267492144,4989263.567672587,"USA",2009
24,1957954.9766114608,24282.77858966844,3589584.1237876774,"USA",2009
25,13125944.292494413,95907.6378026577,24064231.202906426,"USA",2009
26,3532194.372674324,28706.47039609394,6475689.683236261,"USA",2009
27,4214068.349671158,25470.387942157435,7725791.974397123,"USA",2009
28,20735.685927204155,241.16852974672585,38015.42419987429,"USA",2009
29,245955.6111029491,1405.826308164533,450918.6203554068,"USA",2009
30,909242.9064366901,6615.655090643324,1666945.3284672648,"USA",2009
31,106844.31756541372,926.1003084793379,195881.2488699252,"USA",2009
32,229146.34853010508,1462.0366529985426,420101.6389718595,"USA",2009
33,647694.7416515133,5029.770344889505,1187440.3596944406,"USA",2009
34,8967978.399249092,70776.76699260907,16441293.73195667,"USA",2009
35,7005.95982989802,106.31145942976971,12844.259688146369,"USA",2009
36,802797.9630412798,5950.581222593005,1471796.2655756795,"USA",2009
37,2193317.13351627,21288.250137007235,4021081.4114464964,"USA",2009
38,29317836.485232748,61502.541819495076,53749366.88959342,"USA",2009
39,1507772.1214953433,11620.344738002948,2764248.8894081293,"USA",2009
40,25806.79491855176,199.8339595605456,47312.4573506782,"USA",2009
41,8670276.255529089,63218.93921533471,15895506.468469996,"USA",2009
42,461432.91317555297,3193.6273452272662,845960.3408218477,"USA",2009
43,3155023.581990591,23114.487063355566,5784209.900316082,"USA",2009
44,11277306.885138612,91612.18506066647,20675062.622754123,"USA",2009
45,1011110.0084545013,7178.05847438416,1853701.6821665862,"USA",2009
46,339450.195178741,2505.0610870439914,622325.3578276916,"USA",2009
47,7670254.679640578,56403.08326080415,14062133.579341052,"USA",2009
48,15033399.334182717,54410.64351290176,27561232.11266829,"USA",2009
49,1369173.9833276346,9560.754825907705,2510152.302767331,"USA",2009
50,1970314.5340446255,21999.337863323144,3612243.3124151453,"USA",2009
51,2334395.34257558,13567.594644365485,4279724.794721898,"USA",2009
1,21117418.014328092,155723.76240775257,38715266.35960151,"USA",2010
2,29948863.462147713,517454.6372592378,54906249.68060415,"USA",2010
3,1028897.6705685167,6732.9626555495615,1886312.3960422801,"USA",2010
4,16017031.686632957,110832.13959950628,29364558.092160426,"USA",2010
5,16114644.624501638,35659.93644102802,29543515.14491966,"USA",2010
6,3718021.569738771,22440.665532851806,6816372.877854412,"USA",2010
7,125761.67209804733,946.8174946740065,230563.0655130868,"USA",2010
8,86030.96768871989,603.3143531493604,157723.44076265316,"USA",2010
9,1108.1400798628515,9.093985053248577,2031.5901464152282,"USA",2010
10,10417958.951340763,92909.2639169796,19099591.41079139,"USA",2010
11,22117417.518731054,166734.1070524503,40548598.78434026,"USA",2010
12,96067.65750454775,571.365528706634,176124.03875833756,"USA",2010
13,6311346.408792616,35175.166440623376,11570801.749453131,"USA",2010
14,73250.52157826054,630.1027126544225,134292.62289347764,"USA",2010
15,107701.97366485852,898.3793308356667,197453.61838557397,"USA",2010
16,26744.393994426406,268.6051422019215,49031.38898978176,"USA",2010
17,30634.461740158116,401.15296491974556,56163.17985695655,"USA",2010
18,2017520.3484232104,14130.350638297234,3698787.3054425525,"USA",2010
19,15985217.198935755,106701.6671533438,29306231.531382214,"USA",2010
20,4877021.390991412,42049.903249724906,8941205.883484252,"USA",2010
21,336027.55097645614,2404.0378055822334,616050.5101235028,"USA",2010
22,270916.27767191996,1879.0507775013932,496679.8423985199,"USA",2010
23,2448520.741164334,26117.887718660415,4488954.692134611,"USA",2010
24,2282767.1718846844,28322.652472645022,4185073.1484552557,"USA",2010
25,17271133.468967546,127196.94439618445,31663744.693107154,"USA",2010
26,1490159.5311379838,13336.099165768996,2731959.140419636,"USA",2010
27,5709954.313384017,34082.14903536685,10468249.574537355,"USA",2010
28,21462.521623498757,234.28287465398944,39347.956309747715,"USA",2010
29,65180.611187492075,337.7525654307643,119497.78717706885,"USA",2010
30,1165876.763605965,8056.183027585229,2137440.733277602,"USA",2010
31,147615.5935971741,1439.81592834475,270628.588261486,"USA",2010
32,614163.2624376705,3780.51765294846,1125965.9811357327,"USA",2010
33,811022.7544101548,6375.867017403203,1486875.0497519504,"USA",2010
34,11122171.671453701,87075.86781772393,20390648.064331785,"USA",2010
35,25679.45985438343,386.5629003524516,47079.00973303628,"USA",2010
36,1176001.6197863822,8572.475071076655,2156002.969608367,"USA",2010
37,2206598.45631018,19935.805753248,4045430.5032353285,"USA",2010
38,30970764.33960987,70545.88958833151,56779734.622618064,"USA",2010
39,1659492.2942346414,12778.254822372564,3042402.539430176,"USA",2010
40,27203.197054689994,209.46231617848485,49872.52793359832,"USA",2010
41,12260430.365196358,89703.6171346716,22477455.66952665,"USA",2010
42,605667.1948372228,4275.38780129888,1110389.8572015758,"USA",2010
43,4443826.504238171,32570.776777623127,8147015.2577699805,"USA",2010
44,13378089.111848641,105010.70302417118,24526496.70505584,"USA",2010
45,848429.4591864502,5631.5372625633745,1555454.0085084925,"USA",2010
46,553144.3621798868,3951.96548229609,1014097.9973297926,"USA",2010
47,7983411.673796263,59132.33070840602,14636254.735293142,"USA",2010
48,16261253.639602384,54446.4065444998,29812298.33927104,"USA",2010
49,1475007.1447704497,10474.576184718626,2704179.765412491,"USA",2010
50,1761092.0078567974,19261.416687492718,3228668.6810707953,"USA",2010
51,3019905.6114853043,19262.51813868495,5536493.621056389,"USA",2010
1,20190934.884764493,150280.16775031807,37016713.95540157,"USA",2011
2,4763707.748679009,72928.30064892348,8733464.20591151,"USA",2011
3,9168719.991670277,48466.446588704355,16809319.984728884,"USA",2011
4,12506003.828513328,87012.00897950053,22927673.685607776,"USA",2011
5,13843310.767198794,32838.269228680634,25379403.07319779,"USA",2011
6,1751682.3544784414,10406.702237726005,3211417.649877142,"USA",2011
7,65969.9528305442,500.40787820854774,120944.91352266436,"USA",2011
8,51930.79633811484,348.0423887517089,95206.45995321055,"USA",2011
9,352.84246764806204,2.709411490896156,646.8778573547804,"USA",2011
10,9637108.105610924,87923.16385116124,17668031.52695336,"USA",2011
11,22962809.095269945,182227.2120428754,42098483.34132823,"USA",2011
12,47008.29304855873,268.03448271257014,86181.87058902436,"USA",2011
13,6424023.513789571,34922.326092546486,11777376.441947537,"USA",2011
14,85214.09485705598,728.9451980926493,156225.84057126928,"USA",2011
15,164345.6571836035,1353.39115992268,301300.3715032732,"USA",2011
16,35911.69056188102,377.32999452924213,65838.09936344855,"USA",2011
17,38339.34457918002,511.7497223678717,70288.79839516335,"USA",2011
18,1361852.9701254375,9639.61901219034,2496730.445229969,"USA",2011
19,13041325.451691004,91872.2092563933,23909096.661433503,"USA",2011
20,3297633.3938875664,28155.20939692743,6045661.222127202,"USA",2011
21,245460.9960381162,1705.1305233845094,450011.8260698795,"USA",2011
22,272144.5359256179,1874.5322588216823,498931.64919696626,"USA",2011
23,1836561.907506955,19104.54730010235,3367030.16376275,"USA",2011
24,2547420.9568597623,31714.800217456162,4670271.754242897,"USA",2011
25,14298561.835426522,107595.3330673005,26214030.031615283,"USA",2011
26,1413978.530557494,12559.037964954474,2592293.972688738,"USA",2011
27,3839523.7527377615,22705.406449388414,7039126.880019218,"USA",2011
28,27290.64074226108,341.28038798156297,50032.84136081197,"USA",2011
29,154241.09624781375,845.1971751514625,282775.3431209918,"USA",2011
30,667092.8415293113,4517.984230244552,1223003.542803737,"USA",2011
31,63146.09289095692,575.2341633306212,115767.83696675439,"USA",2011
32,4479881.737112326,25346.61158756588,8213116.518039282,"USA",2011
33,542706.6553330957,4084.3952070609153,994962.2014440086,"USA",2011
34,10554266.396787267,85770.52062916881,19349488.39410999,"USA",2011
35,14013.251465685546,214.514931561753,25690.9610204235,"USA",2011
36,826862.7014777096,5992.909769875043,1515914.9527091342,"USA",2011
37,2342598.052509059,21164.54132976257,4294763.096266609,"USA",2011
38,28580004.9957593,67000.25899892166,52396675.825558715,"USA",2011
39,1559948.3566006236,11931.34249228063,2859905.3204344776,"USA",2011
40,8779.719645298659,65.31283245598647,16096.152683047541,"USA",2011
41,9848401.976739334,72092.60644123057,18055403.624022115,"USA",2011
42,395767.62090412684,2798.334661879021,725573.9716575664,"USA",2011
43,3376052.9657212603,24993.506041632136,6189430.437155643,"USA",2011
44,15679767.39128598,127434.16509754707,28746240.217357606,"USA",2011
45,3107063.5089072874,19556.56129321458,5696283.09966337,"USA",2011
46,238562.27943128036,1728.5313437170446,437364.17895734723,"USA",2011
47,6782679.400032063,49287.60025410055,12434912.233392112,"USA",2011
48,15892145.738646176,50474.061266282064,29135600.52085131,"USA",2011
49,1106195.4668092744,7686.024677091714,2028025.0224836695,"USA",2011
50,1558000.6536470405,17324.541825384116,2856334.5316862385,"USA",2011
51,4101506.1624208824,24445.234659364174,7519427.964438289,"USA",2011
1,20764548.502252553,160558.6405066099,38068338.92079634,"USA",2012
2,3481026.8183550406,55412.1972686277,6381882.5003175745,"USA",2012
3,785750.9108997377,5318.868939476284,1440543.3366495161,"USA",2012
4,12860931.172973782,93305.89174120987,23578373.817118596,"USA",2012
5,25558147.993342377,61049.80340371544,46856604.65446094,"USA",2012
6,4573018.711639169,28062.66442335993,8383867.638005152,"USA",2012
7,104828.97150671916,775.1449596475518,192186.4477623185,"USA",2012
8,97733.95881565035,682.7492846986279,179178.924495359,"USA",2012
9,1033.3144572495976,10.71104726323653,1894.4098382909274,"USA",2012
10,12015967.428048046,115149.80548584976,22029273.61808808,"USA",2012
11,24229135.659410957,194741.0285620356,44420082.042253405,"USA",2012
12,154526.53111741808,899.37280334191,283298.6403819332,"USA",2012
13,17796976.56889391,97776.33176921029,32627790.376305506,"USA",2012
14,155646.1658175302,1421.8503696899597,285351.3039988053,"USA",2012
15,235747.63892548572,1945.813349512842,432204.00469672383,"USA",2012
16,56493.932450822234,628.1290220552311,103572.20949317412,"USA",2012
17,44559.7690863026,619.5797848681882,81692.90999155477,"USA",2012
18,1832453.5675943843,13030.986760235377,3359498.2072563726,"USA",2012
19,13841933.554736769,98515.16171180159,25376878.183684073,"USA",2012
20,5450114.926654774,47913.8381568604,9991877.365533752,"USA",2012
21,340467.186064535,2367.1388480563437,624189.841118314,"USA",2012
22,284969.68988903746,1963.6334225780388,522444.43146323535,"USA",2012
23,3139709.117410292,34979.58884893914,5756133.381918868,"USA",2012
24,4426489.915348282,59529.3203830545,8115231.511471866,"USA",2012
25,15754872.823731024,122819.37886063856,28883933.510173537,"USA",2012
26,1927180.9577137022,18592.96872634113,3533165.0891417866,"USA",2012
27,6818955.84771795,41075.36620339106,12501419.054149574,"USA",2012
28,106973.17082709364,1208.1286866875937,196117.4798496715,"USA",2012
29,100094.40174413416,812.9618501753233,183506.40319757926,"USA",2012
30,1061029.3190557698,7225.175882922793,1945220.4182689106,"USA",2012
31,152884.75751232257,1404.6522968911054,280288.72210592474,"USA",2012
32,5409645.229809064,27002.96756214359,9917682.921316635,"USA",2012
33,1019148.723403858,8365.76169746774,1868439.3262404061,"USA",2012
34,11370758.229508456,91923.52804270062,20846390.08743216,"USA",2012
35,29238.360949114343,473.2423340653059,53603.66174004297,"USA",2012
36,1156331.3576105318,8444.74627839237,2119940.822285975,"USA",2012
37,2645339.4945007805,25817.714878092254,4849789.073251431,"USA",2012
38,32745601.558662504,78084.60407160895,60033602.857547924,"USA",2012
39,1661981.5683331077,12757.890911121303,3046966.208610697,"USA",2012
40,31080.164292694855,243.66421556902785,56980.301203273906,"USA",2012
41,11385368.272213135,86494.97203115385,20873175.16572408,"USA",2012
42,221335.79948980836,1740.6004395994487,405782.29906464875,"USA",2012
43,3821018.837593843,28502.15890400344,7005201.20225538,"USA",2012
44,14529998.904328894,124490.08670326693,26638331.324602954,"USA",2012
45,1526693.6456099183,10423.532541082583,2798938.35028485,"USA",2012
46,399283.7415321946,2937.3789656289523,732020.1928090233,"USA",2012
47,7574983.394621892,56259.711629260055,13887469.556806805,"USA",2012
48,21128717.24175317,75201.89277481197,38735981.60988079,"USA",2012
49,1698675.8005313468,11852.511274799408,3114238.967640802,"USA",2012
50,1893895.3899461795,20835.423517594463,3472141.548234662,"USA",2012
51,3600141.584662047,22445.077133286686,6600259.571880389,"USA",2012
1,16310452.69995196,130750.50909563056,29902496.616578594,"USA",2013
2,11362961.522843486,214283.39240494728,20832096.12521309,"USA",2013
3,403855.64793414215,3204.463094582633,740402.0212125955,"USA",2013
4,10591447.11927052,78250.97979579802,19417653.05199595,"USA",2013
5,20718743.60923236,52022.780393027875,37984363.28359264,"USA",2013
6,3779099.4647998423,22457.443042322273,6928349.018799727,"USA",2013
7,74751.84354260372,586.4039485681183,137045.04649477347,"USA",2013
8,60325.886255051824,433.6826970295328,110597.45813426164,"USA",2013
10,8240803.395564692,85146.72673044345,15108139.558535276,"USA",2013
11,17586243.566553667,148510.23273679786,32241446.538681716,"USA",2013
12,72041.15208455049,435.4399683187803,132075.44548834252,"USA",2013
13,14693188.220010987,80825.48638379312,26937511.73668681,"USA",2013
14,202415.01297898495,2418.519099851802,371094.1904614724,"USA",2013
15,247813.10698443578,2304.445976695377,454324.0294714656,"USA",2013
16,70054.74479198609,982.3391249894328,128433.69878530782,"USA",2013
17,90060.81817376774,1498.5947221379197,165111.4999852408,"USA",2013
18,1023257.9256072188,8063.305740827004,1875972.8636132337,"USA",2013
19,11344590.6721622,82065.72363740402,20798416.232297365,"USA",2013
20,4401293.193305511,40365.96511122771,8069037.521060104,"USA",2013
21,232692.91718073338,1714.6727013409381,426603.68149801134,"USA",2013
22,177686.72925005358,1332.5526256198675,325759.0036250982,"USA",2013
23,2209313.053681708,24471.19062060087,4050407.2650831314,"USA",2013
24,1885296.8854869425,24860.344628541072,3456377.623392727,"USA",2013
25,13014473.963971272,105312.1685762697,23859868.93394733,"USA",2013
26,1248465.6687870338,12112.351419221879,2288853.726109562,"USA",2013
27,4385230.838118274,28163.44143468348,8039589.8698835075,"USA",2013
28,324734.58901870425,3551.6646246915243,595346.7465342915,"USA",2013
29,544416.3550863698,4262.391852182943,998096.650991678,"USA",2013
30,1015903.8248566655,7421.070698391134,1862490.3455705538,"USA",2013
31,112870.04821610986,1053.715256771668,206928.42172953475,"USA",2013
32,3254221.7160986015,18612.019780546074,5966073.14618076,"USA",2013
33,611474.0495135708,5187.007191418747,1121035.7574415468,"USA",2013
34,9947409.99888689,82149.11155150016,18236918.331292633,"USA",2013
35,9527.207907871141,198.47215830579844,17466.547831097094,"USA",2013
36,680042.0291097097,5111.7527323410295,1246743.720034468,"USA",2013
37,1763476.1124443866,17184.647883272944,3233039.5394813744,"USA",2013
38,31862616.025024198,72449.82403861058,58414796.04587768,"USA",2013
39,1104134.3319077697,8809.527548178181,2024246.2751642442,"USA",2013
40,13256.396319745436,104.5320601147041,24303.393252866626,"USA",2013
41,9689731.756967723,78100.3124481081,17764508.22110749,"USA",2013
42,2254434.475764155,15881.17120217192,4133129.872234283,"USA",2013
43,2830099.0447867485,22579.405380433374,5188514.915442372,"USA",2013
44,9522436.451283267,80394.76945920358,17457800.16068599,"USA",2013
45,312147.3673885451,2220.6416786909385,572270.1735456658,"USA",2013
46,235215.72037845358,1794.8860177006425,431228.8206938316,"USA",2013
47,7080211.985615667,54944.948524642714,12980388.640295386,"USA",2013
48,17621747.260075662,61955.202340398784,32306536.643472046,"USA",2013
49,1067750.612121502,7798.9192908868245,1957542.7888894188,"USA",2013
50,1267364.9548713348,14785.995543002731,2323502.417264114,"USA",2013
51,2651641.7544399346,17320.353107691186,4861343.21647321,"USA",2013
1,18857158.452019654,150691.80268205234,34571457.16203603,"USA",2014
2,4690844.385720678,76754.72705413932,8599881.373821234,"USA",2014
3,668677.4917295437,4783.127307015025,1225908.7348374943,"USA",2014
4,10802314.678007357,79003.88373456955,19804243.57634682,"USA",2014
5,48207378.56085186,110649.55144788383,88380194.02822846,"USA",2014
6,1443562.0198377683,9253.80846989078,2646530.369702574,"USA",2014
7,94808.82074486895,775.1741202776685,173816.17136559307,"USA",2014
8,86635.13153420087,618.9239791874779,158831.07447936822,"USA",2014
9,106.1319821886822,0.962651876712279,194.57530067925072,"USA",2014
10,7507517.955167618,76683.69282080643,13763782.917807296,"USA",2014
11,19074051.62426731,159348.04105526142,34969094.64449006,"USA",2014
12,196839.6176314747,1083.612743376363,360872.63232436974,"USA",2014
13,9837317.962388245,53721.99326810207,18035082.93104513,"USA",2014
14,98334.57363780527,1085.5020418139316,180280.0516693096,"USA",2014
15,164131.5083967736,1395.4188432957467,300907.7653940849,"USA",2014
16,80110.24723449256,1022.0157811660755,146868.78659656967,"USA",2014
17,90527.60955383109,1410.07402710858,165967.28418202366,"USA",2014
18,1266479.3869641477,9391.79356275634,2321878.876100938,"USA",2014
19,12251384.905681983,86691.83242589385,22460872.327083636,"USA",2014
20,4857607.210444362,44011.83872217042,8905613.219147993,"USA",2014
21,270877.38674195,1965.8260635394486,496608.5423602416,"USA",2014
22,263690.49412439985,1954.2881974115357,483432.5725613997,"USA",2014
23,2607763.1121093235,27852.51336479922,4780899.038867094,"USA",2014
24,2423024.706056283,31644.64712773542,4442211.961103185,"USA",2014
25,14126669.931227222,112791.71076290107,25898894.873916566,"USA",2014
26,1297850.5441224612,13278.390386846848,2379392.664224512,"USA",2014
27,3480910.1952170846,21894.535619905582,6381668.691231324,"USA",2014
28,86208.99914822908,1082.8445328272192,158049.83177175332,"USA",2014
29,336533.6578402591,2398.3497830324895,616978.3727071416,"USA",2014
30,961859.7734561396,6762.484690609356,1763409.5846695895,"USA",2014
31,161387.18384275367,1684.8442312092852,295876.5037117151,"USA",2014
32,1075819.7019838155,7150.172931090236,1972336.120303661,"USA",2014
33,862798.6434215416,7388.28080625803,1581797.5129394922,"USA",2014
34,11128073.212019,93113.34102076144,20401467.555368166,"USA",2014
35,7820.410088439692,149.50173392760348,14337.418495472768,"USA",2014
36,791271.3439386748,5998.841978487888,1450664.1305542372,"USA",2014
37,1970490.863938216,19572.35883222104,3612566.5838867305,"USA",2014
38,35245612.16656396,82980.4061962815,64616955.63870059,"USA",2014
39,1308681.1057210069,10429.133590404805,2399248.693821845,"USA",2014
40,16481.58403891451,144.5587066906096,30216.237404676598,"USA",2014
41,10895008.046868648,87998.94730519156,19974181.419259183,"USA",2014
42,4272109.543816326,29203.61000446215,7832200.830329924,"USA",2014
43,2850183.2649267446,22244.72076419804,5225335.985699032,"USA",2014
44,10189507.6147977,89540.35065307908,18680763.960462444,"USA",2014
45,268231.07122713974,1965.6593011531536,491756.96391642286,"USA",2014
46,334141.95563595206,2558.6940154239314,612593.5853325789,"USA",2014
47,7767367.191210404,61267.84898231898,14240173.183885735,"USA",2014
48,20670620.423645996,80732.82923105771,37896137.44335098,"USA",2014
49,1766420.8246630323,13025.270331113854,3238438.1785488925,"USA",2014
50,1559448.6545039574,17897.513897228302,2858989.199923922,"USA",2014
51,1772806.0434587293,11476.555369453115,3250144.4130076654,"USA",2014
1,16742281.21969609,135413.88933255264,30694182.23610949,"USA",2015
2,36035935.334894195,739736.0594926709,66065881.44730605,"USA",2015
3,475208.84955287137,3858.698297647145,871216.2241802642,"USA",2015
4,9963430.671466738,73699.98972938856,18266289.564355686,"USA",2015
5,31116362.249501303,83419.78475355759,57046664.12408573,"USA",2015
6,1031111.4536297859,6077.228782049302,1890370.998321273,"USA",2015
7,100660.81467416623,788.5311911262218,184544.82690263804,"USA",2015
8,86319.0229842636,624.7624476128701,158251.54213781652,"USA",2015
9,172.26640167432967,2.0466764062674163,315.82173640293774,"USA",2015
10,7207388.258220894,71991.23873394595,13213545.140071638,"USA",2015
11,17005620.57112527,143697.0876216792,31176971.047062993,"USA",2015
12,294942.6140465991,1817.7297152209694,540728.1257520982,"USA",2015
13,8371244.364772564,46955.947235627726,15347281.335416373,"USA",2015
14,82186.5023544365,879.0746056127557,150675.25431646692,"USA",2015
15,165239.1283576879,1452.37584561301,302938.40198909433,"USA",2015
16,23995.268640819995,290.52189133691513,43991.32584150332,"USA",2015
17,32834.7073261465,541.683618635582,60196.96343126858,"USA",2015
18,1438075.2319718292,10563.360642559406,2636471.258615019,"USA",2015
19,11003252.876038356,78398.98095308377,20172630.27273699,"USA",2015
20,5059859.072003208,46084.563132580704,9276408.29867255,"USA",2015
21,333569.77781867096,2427.827790725907,611544.5926675635,"USA",2015
22,360707.1056215096,2620.534119907096,661296.3603061009,"USA",2015
23,2558925.6453010086,28242.889981589728,4691363.683051849,"USA",2015
24,2575778.2873204313,33681.1497393628,4722260.193420792,"USA",2015
25,13010583.322327577,105140.40476736327,23852736.090933893,"USA",2015
26,945966.3970763246,9015.022188712222,1734271.7279732618,"USA",2015
27,6394724.452157288,40356.0815436909,11723661.495621696,"USA",2015
28,38196.400818808426,517.4063782096902,70026.73483448212,"USA",2015
29,59549.45177691153,429.726852639911,109173.9949243377,"USA",2015
30,1068344.052368564,7431.986437794374,1958630.7626757005,"USA",2015
31,108782.64414558157,1073.3407584815432,199434.84760023293,"USA",2015
32,261340.08579286106,1881.9271926082517,479123.49062024534,"USA",2015
33,907381.2466510882,7696.290135643187,1663532.2855269944,"USA",2015
34,11377174.541526906,95702.8541119761,20858153.326132666,"USA",2015
35,346.89577567333924,4.748969717537026,635.9755887344554,"USA",2015
36,895398.1781229663,6739.324669094258,1641563.326558772,"USA",2015
37,1584578.0244371884,15618.52723769937,2905059.7114681783,"USA",2015
38,32423785.93969528,82134.27278141578,59443607.556108005,"USA",2015
39,1353995.2512803478,10856.576340595357,2482324.627347304,"USA",2015
40,24677.784551435943,208.63940011410364,45242.60501096589,"USA",2015
41,9755669.176919816,80316.72575184857,17885393.491019662,"USA",2015
42,1031718.889139864,7582.453994656784,1891484.630089752,"USA",2015
43,3259303.749822768,25842.84993113851,5975390.2080084095,"USA",2015
44,8140538.343775797,70186.19931882904,14924320.296922289,"USA",2015
45,139863.14149470133,1035.7554183243597,256415.7594069523,"USA",2015
46,343752.27793403575,2552.5307915348367,630212.5095457323,"USA",2015
47,8028781.575226829,63549.25466087145,14719432.887915846,"USA",2015
48,25925503.810775466,107249.73245203984,47530090.31975503,"USA",2015
49,1872046.0231947072,13529.466919304383,3432084.375856963,"USA",2015
50,1503750.9226021706,17076.50824350675,2756876.6914373133,"USA",2015
51,367052.27194034157,2654.5643448875676,672929.1652239595,"USA",2015
1,19862255.10952551,163520.91314498108,36414134.36746343,"USA",2016
2,13359264.320066804,247787.4717183002,24491984.58678917,"USA",2016
3,1411199.5628869794,10368.499502470704,2587199.19862611,"USA",2016
4,12048175.22059132,90368.67480870683,22088321.237750746,"USA",2016
5,60945095.70778032,163421.97744806716,111732675.46426395,"USA",2016
6,1337101.4799017403,8550.436853278265,2451352.713153184,"USA",2016
7,222466.11557253526,1749.1658582141886,407854.5452163146,"USA",2016
8,118054.94107923828,860.8506708610431,216434.05864527018,"USA",2016
9,678.7886640038337,5.8379482297162,1244.4458840070283,"USA",2016
10,8762366.5773532,89665.42350891298,16064338.72514753,"USA",2016
11,20217709.321266823,173459.0323659932,37065800.42232251,"USA",2016
12,284217.95856567577,1691.1884710172735,521066.2573704063,"USA",2016
13,18445361.549581237,100125.84352552606,33816496.174232244,"USA",2016
14,143648.1155535792,1467.1863881427519,263354.87851489516,"USA",2016
15,308486.9831556878,2661.050999035108,565559.4691187609,"USA",2016
16,37444.42749105748,474.36312152986187,68648.11706693872,"USA",2016
17,64468.54813124554,1090.8457724645125,118192.3382406168,"USA",2016
18,2646839.0289252778,19460.05598254275,4852538.219696343,"USA",2016
19,11353776.899489094,82872.00383147517,20815257.64906334,"USA",2016
20,6472735.106982788,60127.09030123089,11866681.029468449,"USA",2016
21,395081.12965772324,3081.94587887591,724315.4043724927,"USA",2016
22,531725.2615402276,3959.5388818377496,974829.646157084,"USA",2016
23,3000524.436042795,32280.081531467174,5500961.466078456,"USA",2016
24,2732126.153741298,34983.97558604527,5008897.948525712,"USA",2016
25,15078798.260298148,123924.43292370462,27644463.47721325,"USA",2016
26,1438807.1903677208,14260.534890107836,2637813.182340821,"USA",2016
27,8460288.489934918,50644.712153934874,15510528.898214016,"USA",2016
28,42771.594502753855,640.6622043014147,78414.5899217154,"USA",2016
29,191367.5123735515,1565.6739226105833,350840.43935151043,"USA",2016
30,1487133.6515943438,10399.786158139517,2726411.6945896302,"USA",2016
31,180608.33255618234,2061.531124091709,331115.276353001,"USA",2016
32,692056.5955820753,5024.799377280199,1268770.4252337997,"USA",2016
33,1210413.1959783495,10424.550077029004,2219090.859293641,"USA",2016
34,12939304.297365194,110555.79923384292,23722057.878502846,"USA",2016
35,1570.697809648996,26.231849011895267,2879.6126510231593,"USA",2016
36,1157984.937806815,8963.088958693697,2122972.3859791607,"USA",2016
37,1999927.0640232498,20956.814265771078,3666532.950709292,"USA",2016
38,41235789.796914615,109783.65901365566,75598947.96101011,"USA",2016
39,1404806.7745949826,11336.252756953398,2575479.086757467,"USA",2016
40,414145.6683518288,3205.030469103584,759267.058645018,"USA",2016
41,11940860.16164683,99672.78905535075,21891576.963019185,"USA",2016
42,354574.326928604,2652.9407278441477,650052.9327024403,"USA",2016
43,3824236.3990819356,31366.184268213998,7011100.06498355,"USA",2016
44,9822431.135337023,85491.63658168075,18007790.414784536,"USA",2016
45,395810.2379980523,2831.1722861522653,725652.1029964293,"USA",2016
46,419258.01290441764,3126.118157726311,768639.6903247657,"USA",2016
47,8631301.952124424,68172.1830617944,15824053.578894777,"USA",2016
48,32703121.0597894,140326.25882624928,59955721.94294726,"USA",2016
49,2370739.4605894443,16873.34492349373,4346355.677747317,"USA",2016
50,1883054.433067629,21625.40870536318,3452266.4606239866,"USA",2016
51,2044287.685075591,14121.699636400817,3747860.7559719128,"USA",2016
1,19752526.31965786,163817.49868364015,36212964.919372745,"USA",2017
2,6459567.721580987,123483.91326924178,11842540.822898487,"USA",2017
3,1314337.8504499127,9457.200146802817,2409619.392491504,"USA",2017
4,12349916.836204425,92087.93731001049,22641514.199708108,"USA",2017
5,51048219.3891034,162613.48356857785,93588402.2133562,"USA",2017
6,1413115.89610326,9004.091206112715,2590712.4761893125,"USA",2017
7,275579.75382297405,2135.0482786109237,505229.54867545253,"USA",2017
8,92866.778375034,724.8378580858873,170255.76035422902,"USA",2017
9,167.60308308605775,2.287240957191899,307.27231899110586,"USA",2017
10,10809082.188500965,118550.72134305764,19816650.67891843,"USA",2017
11,25010162.17525557,220051.48762329028,45851963.98796853,"USA",2017
12,196077.03869760985,1219.288764420154,359474.57094561803,"USA",2017
13,14502743.95153758,80541.25509125835,26588363.91115222,"USA",2017
14,293220.0107174963,2987.4558761638477,537570.019648743,"USA",2017
15,384083.9127216942,3322.785655261634,704153.8399897726,"USA",2017
16,71924.29896053363,914.261324611525,131861.21476097833,"USA",2017
17,63102.921107537986,1056.7652386574475,115688.68869715297,"USA",2017
18,2367779.3410846842,17463.62893393377,4340928.791988588,"USA",2017
19,11894033.429797066,86684.93982577158,21805727.954627953,"USA",2017
20,6725705.94835648,61617.46896741066,12330460.905320216,"USA",2017
21,474108.0458053034,3533.169698960099,869198.0839763896,"USA",2017
22,797421.9146114264,5883.207685759784,1461940.1767876148,"USA",2017
23,3331123.790434347,35718.64269317994,6107060.2824629685,"USA",2017
24,3003878.9415079304,38800.07255262924,5507111.3927645385,"USA",2017
25,16579202.767488567,133746.16057839358,30395205.073729042,"USA",2017
26,2143818.5965377036,21370.405349427958,3930334.093652454,"USA",2017
27,17152933.149607897,101760.33773814522,31447044.10761447,"USA",2017
28,44756.437634865404,673.6789077061682,82053.46899725324,"USA",2017
29,170968.05796146917,1275.5084245576056,313441.4395960261,"USA",2017
30,1450742.8879132904,10083.35585609804,2659695.294507699,"USA",2017
31,281065.38889357634,3110.009439953871,515286.54630488984,"USA",2017
32,463137.214173308,3131.3638181159204,849084.8926510642,"USA",2017
33,1535868.751755697,12899.29608512157,2815759.378218778,"USA",2017
34,13245314.989293542,114088.35423157745,24283077.480371494,"USA",2017
35,1605.4638220336496,27.788100612218553,2943.3503403950244,"USA",2017
36,1347417.881008137,10559.636124981364,2470266.115181584,"USA",2017
37,1916697.3638804038,20280.81399504534,3513945.1671140743,"USA",2017
38,55586497.53087415,131508.59532838053,101908578.80660257,"USA",2017
39,2253050.299649205,17897.859989540535,4130592.2160235425,"USA",2017
40,174437.5795874128,1424.819871403364,319802.2292435899,"USA",2017
41,12503949.34865537,103196.78609389994,22923907.139201507,"USA",2017
42,514007.80870729295,3821.65495969944,942347.6492967036,"USA",2017
43,4827340.960265306,37936.66800336124,8850125.093819728,"USA",2017
44,9215035.520693503,79831.98871448758,16894231.787938096,"USA",2017
45,3013091.598020784,19182.5856762223,5524001.26303811,"USA",2017
46,470395.2333854726,3403.9318240074,862391.2612066997,"USA",2017
47,8627194.287457522,69374.75605746784,15816522.86033879,"USA",2017
48,27478842.361158967,106950.81684558607,50377877.66212481,"USA",2017
49,2600766.9869860313,18894.576413609357,4768072.809474389,"USA",2017
50,2326427.615048997,26353.703283400195,4265117.294256494,"USA",2017
51,2436409.0955302957,16901.129882728317,4466750.008472206,"USA",2017
1,16397268.51247149,136129.11270144113,30061658.939531058,"USA",2018
2,5052020.624254858,94768.70316856517,9262037.811133876,"USA",2018
3,555793.5046624182,4035.934445477356,1018954.758547767,"USA",2018
4,11177562.231269741,82990.0962605456,20492197.423994523,"USA",2018
5,69789842.88086647,194574.77847085323,127948045.28158832,"USA",2018
6,4960609.876783175,31348.82530645935,9094451.440769175,"USA",2018
7,185401.7408236336,1415.7415157093185,339903.191509995,"USA",2018
8,77749.66001733753,616.9307727252999,142541.04336511882,"USA",2018
9,26.841933029665157,0.2408013090364618,49.21021055438612,"USA",2018
10,11819659.247833086,114160.55798792219,21669375.28769398,"USA",2018
11,17722668.11212263,150175.6156345497,32491558.20555816,"USA",2018
12,402483.78943789145,2156.9543603525553,737886.9473028001,"USA",2018
13,11102835.968315529,62614.67655023713,20355199.27524513,"USA",2018
14,201652.20424957035,2112.7670404776113,369695.707790879,"USA",2018
15,241953.13196845993,2153.793004288602,443580.7419421764,"USA",2018
16,88171.51897067222,1075.2066012257133,161647.7847795657,"USA",2018
17,45447.927290304884,748.7867157860455,83321.20003222559,"USA",2018
18,1403831.8896619915,10297.677066120747,2573691.7977136504,"USA",2018
19,10518622.997625632,76347.01254932898,19284142.162313662,"USA",2018
20,6942245.513215472,63496.008558133944,12727450.107561696,"USA",2018
21,316793.89669051906,2378.634373697889,580788.810599285,"USA",2018
22,562453.6824786026,3921.3899028222468,1031165.0845441048,"USA",2018
23,3481448.153201836,36639.586416772225,6382654.9475367,"USA",2018
24,2789049.432616204,36586.84463440795,5113257.293129709,"USA",2018
25,13853574.619915042,111334.9446841268,25398220.136510916,"USA",2018
26,1460030.822395557,14110.725839970022,2676723.1743918546,"USA",2018
27,17600075.499696743,100686.21037736627,32266805.08277735,"USA",2018
28,45430.17915683512,657.6440973279445,83288.66178753105,"USA",2018
29,692273.3419239412,4758.758251921779,1269167.7935272248,"USA",2018
30,1455961.942096661,9951.409894928733,2669263.560510544,"USA",2018
31,123035.10563719415,1194.1266224415006,225564.3603348559,"USA",2018
32,1853690.6919627562,11005.113565883794,3398432.935265017,"USA",2018
33,1757727.2918894265,14659.428579776062,3222500.0351306153,"USA",2018
34,10920663.419027565,94290.5472727463,20021216.2682172,"USA",2018
35,693.6304121677376,9.666499865604038,1271.6557556408525,"USA",2018
36,722292.1617924258,5793.71116292222,1324202.2966194472,"USA",2018
37,1518011.1422111709,16148.577075213529,2783020.427387147,"USA",2018
38,64454310.13738693,140057.9007030648,118166235.25187597,"USA",2018
39,1676714.682835846,13153.04639766123,3073976.9185323846,"USA",2018
40,44612.13794691701,342.67343899616304,81788.91956934783,"USA",2018
41,10925140.696647596,89314.12808859297,20029424.61052059,"USA",2018
42,3096693.0680655567,21135.644520842354,5677270.624786843,"USA",2018
43,2956233.0906022815,23831.182744172605,5419760.66610418,"USA",2018
44,7717415.122023262,67349.45020574129,14148594.390375976,"USA",2018
45,3396552.9123163517,23395.67124687394,6227013.672579998,"USA",2018
46,541023.9964418279,3971.1816077444964,991877.3268100176,"USA",2018
47,7436058.259912698,59407.05515937289,13632773.476506606,"USA",2018
48,25393397.63604343,98115.78441578301,46554562.33274629,"USA",2018
49,1915683.1984424163,13670.697338197358,3512085.8638110952,"USA",2018
50,2314694.059823508,25870.35560654338,4243605.776343097,"USA",2018
51,2500117.675143349,17397.962205809334,4583549.071096135,"USA",2018
1,15600939.971386317,130185.01626089963,28601723.280874915,"USA",2019
2,22974817.15264918,435536.0976574046,42120498.11319009,"USA",2019
3,1393346.1428177073,11150.29337983191,2554467.9284991315,"USA",2019
4,9764007.560783053,74510.50750277351,17900680.52810226,"USA",2019
5,53696388.10367237,125532.10148150937,98443378.19006604,"USA",2019
6,2809056.9786955984,18475.138249569864,5149937.794275265,"USA",2019
7,163458.44765096135,1312.6500553880924,299673.82069342904,"USA",2019
8,111488.20174645053,858.7765465058212,204395.0365351593,"USA",2019
9,597.2752119851932,4.636292454266253,1095.0045553061877,"USA",2019
10,10845921.81015351,103555.12706138456,19884189.98528144,"USA",2019
11,17271458.29355857,147007.66421269136,31664340.204857383,"USA",2019
12,202140.44854552674,1201.9055125063117,370590.82233346574,"USA",2019
13,7719064.1806369,44510.76423144481,14151617.664500983,"USA",2019
14,106020.33854481447,1123.7852060784207,194370.62066549325,"USA",2019
15,209839.3209882271,1813.8121379928673,384705.4218117497,"USA",2019
16,53423.79636213145,660.1793983061865,97943.62666390766,"USA",2019
17,33231.911278584834,494.49677204871284,60925.170677405535,"USA",2019
18,1138978.9750104789,8487.319931719221,2088128.120852543,"USA",2019
19,9402973.12989798,69121.521467212,17238784.071479626,"USA",2019
20,6162876.8384387875,56985.80054297313,11298607.537137773,"USA",2019
21,348475.830619996,2647.258516507099,638872.3561366593,"USA",2019
22,471521.5314539479,3521.0133760934223,864456.1409989044,"USA",2019
23,3633692.29924737,38379.12268160634,6661769.215286845,"USA",2019
24,2813447.69949627,36902.62418458332,5157987.449076494,"USA",2019
25,12296517.866299042,101559.00263086034,22543616.08821491,"USA",2019
26,1186107.1353994352,11219.455702374116,2174529.7482322976,"USA",2019
27,3873302.7640315075,24293.54499105979,7101055.067391094,"USA",2019
28,31315.458424169643,434.5191827697787,57411.67377764434,"USA",2019
29,669426.830396536,4674.822589640864,1227282.5223936485,"USA",2019
30,1340149.2347734233,9336.38566464263,2456940.263751276,"USA",2019
31,289363.51713310333,3892.424384368432,530499.7814106918,"USA",2019
32,581942.1933659543,3756.9325104821437,1066894.021170917,"USA",2019
33,1350325.8062263543,11415.144967233955,2475597.311414982,"USA",2019
34,10199709.412450377,89519.13170362936,18699467.256159022,"USA",2019
35,323.6899134994621,5.703958762576162,593.4315080823471,"USA",2019
36,663876.9150418935,5115.420075176807,1217107.6775768045,"USA",2019
37,1546965.2700685035,16081.90650385413,2836102.995125589,"USA",2019
38,45531289.09314849,104110.21103950562,83474030.0041056,"USA",2019
39,1627226.924940093,13044.16122421178,2983249.3623901703,"USA",2019
40,40453.74853156677,326.8467503446399,74165.20564120573,"USA",2019
41,9881027.33275935,81709.73137034458,18115216.776725475,"USA",2019
42,2042493.5075312278,15319.108262818852,3744571.4304739125,"USA",2019
43,2908114.261611762,23485.399997692202,5331542.812954898,"USA",2019
44,7028430.734457624,64541.09570531571,12885456.346505644,"USA",2019
45,2193370.4139433475,15043.696759459719,4021179.092229474,"USA",2019
46,438493.8007887768,3344.0068428603536,803905.3014460908,"USA",2019
47,6851371.533132995,54539.17221635731,12560847.810743822,"USA",2019
48,19780761.49085213,76373.90438803755,36264729.39989556,"USA",2019
49,1901305.9204765656,13777.440793852695,3485727.5208737045,"USA",2019
50,2841783.811976306,30671.827469045456,5209936.988623226,"USA",2019
51,2779289.256398715,18349.67228454484,5095363.636730968,"USA",2019
1,13231946.606993258,112927.59082505351,24258568.779487636,"USA",2020
2,10324883.584128557,171612.89016835307,18928953.23756898,"USA",2020
3,2352503.428212108,18744.443350756268,4312922.951722195,"USA",2020
4,7835191.096920307,59608.1839543394,14364517.011020558,"USA",2020
5,134904440.91925958,321823.61140198476,247324808.35197583,"USA",2020
6,7028570.482758322,45940.125263459486,12885712.551723577,"USA",2020
7,158142.37554475723,1274.5583288775747,289927.6884987216,"USA",2020
8,80762.19601901999,605.8594648717337,148064.02603486998,"USA",2020
9,10.411835368345761,0.24073298623045505,19.088364841967227,"USA",2020
10,6388965.3829605,66127.90255776512,11713103.202094248,"USA",2020
11,14231656.587722095,122622.77575718258,26091370.410823837,"USA",2020
12,138311.40283422548,856.7486711251104,253570.90519608004,"USA",2020
13,6466627.201888936,38232.41725785473,11855483.203463051,"USA",2020
14,120514.03975681151,1278.2531570464362,220942.40622082114,"USA",2020
15,219917.56761082826,1945.3153795641522,403182.2072865184,"USA",2020
16,215043.43509023,2002.092878751234,394246.2976654218,"USA",2020
17,72769.14310110839,1009.4312309710514,133410.09568536535,"USA",2020
18,1134999.6541000397,8507.619500666317,2080832.699183406,"USA",2020
19,9166496.90749615,69394.50418111814,16805244.330409605,"USA",2020
20,6206962.988631427,58987.87575938588,11379432.14582428,"USA",2020
21,391321.73047525715,2970.7109639436967,717423.1725379715,"USA",2020
22,501651.27594332467,3749.244068265707,919694.0058960954,"USA",2020
23,3533590.743554611,37372.95397663229,6478249.696516787,"USA",2020
24,2378242.8569838544,30530.095234115106,4360111.904470399,"USA",2020
25,10898541.075207153,90972.02226178594,19980658.637879785,"USA",2020
26,1302264.8713581131,12347.2772153945,2387485.597489874,"USA",2020
27,3357396.8936842764,21236.851865751614,6155227.638421173,"USA",2020
28,18566.54856808963,272.79980124533535,34038.67237483099,"USA",2020
29,149167.2301150597,1555.1145635596617,273473.2552109426,"USA",2020
30,1174238.1848874136,8398.95514858043,2152770.0056269253,"USA",2020
31,173352.50703748892,1999.3183955832228,317812.9295687298,"USA",2020
32,541804.6112591941,3310.0796000468067,993308.4539751892,"USA",2020
33,1236736.8944020243,10461.860202363654,2267350.9730703784,"USA",2020
34,9040705.539543469,78751.7662018695,16574626.822496362,"USA",2020
35,636.4159516962295,12.334746483140545,1166.7625781097538,"USA",2020
36,780333.0037711117,6002.714848478311,1430610.5069137048,"USA",2020
37,1179667.472827472,12457.984317008144,2162723.700183699,"USA",2020
38,96587143.00414455,184140.16801253162,177076428.84093165,"USA",2020
39,1445923.0362376983,11666.672606837281,2650858.8997691134,"USA",2020
40,57799.10592496694,469.05860760678286,105965.02752910602,"USA",2020
41,9330769.595561516,77140.42724213842,17106410.925196107,"USA",2020
42,191470.13224614595,1622.441756419952,351028.5757846013,"USA",2020
43,2758695.2651773924,22165.23383782691,5057607.986158554,"USA",2020
44,7322185.248049941,67476.24782780293,13424006.288091559,"USA",2020
45,1586610.885466177,11425.742948819501,2908786.6233546557,"USA",2020
46,410764.9661849676,3080.866198833883,753069.1046724406,"USA",2020
47,6294221.691992804,49888.12042282053,11539406.435320145,"USA",2020
48,17065086.989512976,63227.99867694797,31285992.81410713,"USA",2020
49,1692301.9627779727,12160.326575880008,3102553.598426284,"USA",2020
50,2803198.492414324,30555.522412256796,5139197.236092927,"USA",2020
51,822404.6559037382,5793.024558425443,1507741.8691568552,"USA",2020
